channel_id,channel_name,channel_view_count,channel_sub_count,channel_video_count
UCvy1Mv8nsSohI2rMH7kK4ow,The Vegan Society,820334,8120,170
UC0iMjvN9QJUhNK5Ti6_FAjw,MehtaEthics,34557,576,37
UCV8d4At_1yUUgpsnqyDchrw,That Vegan Couple,26451145,133000,857
UCIUwTruYMuyEcnGiD_eHpLg,alvopenrescue,346940,475,45
UC7vTq7aY0zIbr8a2Fa0a_Zw,Fitshortie,854344432,1790000,733
UCYosP-Tr1vC5Wepvn70RCVA,Reading Vegan Outreach,233,6,1
UCZBUkbD16s09b8f2Q_AvkOw,Million Vegan Grandmothers,45680,2680,324
UC4SOlpa8X33igJJzX94RJiA,Okon Bros,952567,4490,449
UCw-JiCSn29MdBYX5rRxuacQ,Nimai Delgado,7239484,152000,156
UCNdeyEEYPP8oXAMzxEQPhIw,Highvan,9278734,60800,40
UCEYT6DNlanqtpQdQryX88ag,365 Vegans,54658,821,133
UCzN7S0O87X-Q1CJqyWnJ9mw,Playing With Fire,86401304,234000,2090
UCJqm16mHsfvzCBUmSjjcr5Q,marchforelephants,11664,34,9
UCjOKgw4ndKt52LTESwqvAGg,Plantriotic,9181638,38600,1275
UCc5zul6LPDi5Hq0aowUNoxw,Seb Alex,128002,12100,30
UCGDLtGanlPZLidEGP2N39CA,Veganuary,1037301,18700,336
UCTyuybXeUCxvnUVBsOkyfsw,Stichting NoFap,1952509,4410,417
UCtNneKeq8r8KQMZHY7jKe1w,The Ramm's Den,108170,2380,58
UCl1J5_Q_o9YqN-64lhToU2Q,Joshua Entis,187318,4270,64
UCLW0TEV3YEt-J56pYZm-TgA,Gary Yourofsky,7691968,135000,123
UCzKxisu0zzeaFpM8XnRVMhg,Habitat Botanicals,6834,72,36
UC4m17whgO_4uf2yCOjtFg_Q,FITXFEARLESS,194803175,611000,2240
UCZQu95dIBQSvuP_0URa-jFA,"Dr. Matthew Nagra, ND",998323,8020,378
UCBa4PFp85WLj6T6HYVF0FdQ,George Martin | Carnism Debunked,437862,5290,194
UCvQECJukTDE2i6aCoMnS-Vg,Big Think,909607676,7990000,9468
UCMotfyZJYlBA4GYeYYmgWDQ,Taty Melo (xtatyx),2888,30,53
UCwgaE3AlYxzpEK8J01xYD7w,Gore Grinder,31262243,99400,3576
UCn1bh96RxPWrC1N2xS3xbPA,Jon Camp,16166,1310,3
UCFsgqZPnRi4TizVfRcXPNtg,Animal Justice Academy,22691,807,100
UCJIfeSCssxSC_Dhc5s7woww,Lex Clips,538416417,1510000,8225
UCtbYqEkfmBqXwOd6a5U4_7Q,MIND WITH MUSCLE,556271984,1390000,1126
UCJ_y0RIukD-3fvLQfDlUjtQ,World Vegan Vision,22328,225,88
UCVLZmDKeT-mV4H3ToYXIFYg,Insider Tech,1712571695,4200000,4346
UCUPQjZzb_Gf_EuXTjAbGBnw,Physicians Committee,60620527,483000,1343
UCrR45-PQv6TCwUCSPJ1ud2g,Bobby's Perspective,81452570,373000,1362
UCNF0xxoXH1W5xjse77nCm9Q,BiteBackGermany,203150,479,20
UCIzoXID3Km2jUr60tz4vR6g,Viva! The Vegan Charity,16181690,16500,1077
UCU3pkarYNcDa1rB-ciGTwVA,Being Enlightened,19085734,47700,53
UCn8LBQ7-_HjVRvMI4dfN0VQ,Wayne Hsiung,324332,3150,162
UCnOoUHQzmK3iaW7l3qJfxEw,Type One Talks,43799207,382000,210
UCVol5GCwjM7W9YpM6Bw06MA,North East Animal Rights,37549,207,314
UC2ZWX3GJfAIeRFWN91t09ww,Hench Herbivore,9818511,62700,1654
UCFuLNktnqqBEF_9ZcmjC_bw,Vegetable Police,43963140,187000,2086
UCzEWRoq9ijet9AWp4TM6nMA,Crafts Working Days,119078301,76600,4296
UCFama0Ele0u3iKf4whi-Gwg,Emil Guillermo,243351,351,2241
UC-YvsfPu6tlCAd8AQUyoWRg,Business Bulls,98794447,169000,622
UCfLy8fO3tvZiCMy5PdUeEJg,upliner,210257,200,3
UCNMWCQx35DQGMjY46e6e_nQ,Healthy Emmie,192408468,718000,1041
UCmQRypK6kAcujJAlYZpFW8Q,PETA (People for the Ethical Treatment of Animals),838892953,1320000,5550
UCqhC_99uecH_0N-B8p7lJnw,Animal Save Movement,39582607,72500,779
UCqmLlI8zAPxELkh5mP814OQ,seecraig,459884,911,767
UCftwRNsjfRo08xYE31tkiyw,WIRED,4534539807,12300000,4036
UCY7dD6waquGnKTZSumPMTlQ,OxfordUnion,354599433,2310000,3060
UC_cOrj8dlCqYnGgp0xdkxow,FullyRawKristina,153558037,1450000,893
UCh75i7fQOiHp9yUqKUlCh3g,Skye Conway,1009070,3640,676
UC3FXo1aEc4QI_LO2_3-OLgQ,Mind Body Surf,278785,534,53
UCMe6gdusucqJi1We05VWjpg,Whack,672828,863,108
UCGzmRygOMdwfE-xL7Rskv1w,Choosing My Health,3411816,82500,318
UCWqSqQITM46l5Ees5jazPLw,Korin Sutton ,17166720,56800,3797
UCIOuTa3aY7Ok92_h7kOuJgw,Animal Equality,30128852,61200,461
UC6BM89KudnMRttNbMamyROw,Chloe Wheatland,1279395,12300,146
UCMSYZVlQmyG8_2MkIKzg0kw,The Iced Coffee Hour,1298720087,1350000,1025
UCfELZlgjPOOECS5-arBP1og,LMAOF,1391637,1120,571
UCFTEl73CW2csy8i7qxg8cRA,HealthyVeganEating,14685984,251000,563
UCAhCEObNnVfffdGXWdYVByQ,Matt Ross,49213,245,30
UC70mdo9GR7YkERSumPHkgrw,Vaibhav Shukla,591966,702,1
UCBrvNYJbiMrv4-OzddFSN6w,Generation Vegan,910012,10500,526
UCBCiDM0WrCAvTHmdVz_GDzQ,Tess Begg,15993728,328000,279
UCm2RzY5achIz2n-6FDfQT0w,FriendsNotFood UK,2885,29,33
UCne0dUtlp3-OqhaLxeAySJw,VLNOW,11178898,6950,824
UCvo3jQe4L1ZaSwdQHHQ1Zqw,Alec Gunter,3708232,30800,751
UCQT4gMmiJDWQds0xxaopb1Q,HISTORIC FACTs,38019,52,84
UCiIZVUKo3nID1tz-lsWhdeA,voicetheunheard,20616,54,19
UCVXyKLsvMu_rnC2wys9XHEg,Kindness Trust,1392555,7920,35
UCz7iJPVTBGX6DNO1RNI2Fcg,GradeAUnderA,579143372,3750000,131
UCiE57zg8KxrZpV_eWMjluVA,Carleigh Bodrug,421462343,1280000,472
UC73RE9yDcxByZ3DPDo_UdZQ,emilmann23,161791,137,56
UCOQI951UkNKMlTTlHHSaTFA,Big Craig,42638928,188000,98
UCSsXiGbQu-ptH9dU9rsO_Sw,Animal Rights Approach,3011,61,5
UCh2D2ss44sKdb6l7iGU7eLg,The Whole Food Plant Based Cooking Show,23744687,426000,541
UCjacRo8crmvJuQt6nyFXyBg,LIVEKINDLY,29189026,123000,579
UC-xFsMs4JrFA52kgBX_tuPA,Lolcows of the Internet,173875,237,31
UCtWWry0cgjWi9C0Ye9sh6og,news.com.au,1165911444,1230000,16666
UCF9nk5V93QT-reN9sZc9yDA,Animal Justice Project,505417,2320,320
UCpcpinzRKFe6LyE3mu4b5eQ,The Green Note üå±üéµ,82173,173,374
UCiyre7JEtBT6le4S7800n3A,Animal & Vegan Advocacy (AVA) International,73772,891,201
UC3HA9y4-FxOhdsT1vqumNrA,BOOM & BIGZ TV,1846588,6410,412
UCp5442uPMyldHZIScSSTZEA,In Defense of Animals,2178059,7770,760
UCcEQ1EuzGzwYB2ImAkJ-6PQ,Jeremy Loeb,33969,367,208
UCj209lI3ZOmOCkK8e3qFFNQ,Ryan Humiston,272864768,2140000,475
UChi5M3k_K4yuRpWAp00xBQA,Professor Bart Kay - Main Channel,6455868,56800,736
UC9dQi2Z64uSb5lK6ku6T4qw,The Victim's Perspective,104244,1460,93
UCC552Sd-3nyi_tk2BudLUzA,AsapSCIENCE,2005490893,10700000,516
UCavUliWoaaIyUyuDv7ai9zA,blackhole,415934,142,15
UCjClvZZu2j4mUjfF0aEWzdw,THEPEOPLELISTEN,14932891,58500,147
UCluiFIVPK1uGkB8TFUVgX5w,BiteSizeVegan.org,28746250,181000,376
UCOox4iUw4UoKIV4eeyijPwg,DoggyTV,2549436,5520,454
UCCkiOVS6uGicMDnBzdteosw,The Press Democrat,21402495,24200,5072
UC9wt5GBR4GLdg5q3DQK1dqQ,Goodmorning1221,128970,221,13
UCQG_Ng3wm_Li-T8ngO3kjBA,Rotman Institute of Philosophy,747959,9580,405
UCFnKmL7hp3LB2lNSQBvO67A,EmptyCages,98688,735,95
UCYl-MAbxMmKpJsyoV7iz5HQ,NuVegan TV,58513,858,195
UCCnyz-TbdLdFG_aqOvH6B5w,TransformXRED - Delray Misfits Museum,8909698,10800,1029
UCPV95grWj4ShG7xDWJfvXnA,Chris Cooney,1779685,14900,465
UCuGC6M8Gu8wtcc5E94amYwQ,sethpajak,250474,221,198
UCOKxE97aLT5mWbnHQvLEWuA,Animal Activism Collective,322748,1640,635
UCCR3TUkdpx_bk5ZXYhKxFTQ,Seb Goldhorn,100988,6,6
UCx7KULT6DbZl9YloVJsAlLQ,Joey Carbstrong Shorts,62921,307,84
UC79DOUlmLb5p6PMFqbNraeg,HonestDoubter,375635,483,41
UCsU5QtzfvVX2DFcmIYM3aRg,Edmonton Vegan Outreach,53670,885,129
UCbtL081gMwgoxn3Oz76PyBw,So Vegan,8503268,61300,271
UChiVMDZtKPhOmLVZ6dCR1DA,Sky Jack Morgan,1657392,3260,5590
UCGdbC_YzWvNBu1feUNysijQ,Vegan Pixie Warrior,48559,1510,136
UCoRKQ5h9mAfiXhvSrHggtVw,VincePotato,70938,266,588
UCpyhJZhJQWKDdJCR07jPY-Q,Simnett Nutrition,67488399,767000,596
UCQLjAX4p76NTc__j-GdTe4g,Clade,57128,80,34
UCJDK6jYJX6V8Cg2uifqZTCw,karmafree1,227907,119,3
UC1yBKRuGpC1tSM73A0ZjYjQ,The Young Turks,7064226892,6140000,67960
UCxzDdw_mlMnpQqCN9FF7KKQ,The Bitter Pill,25222,389,199
UCoKibD6HiQ1ybFLaoGHytsg,Vegan Cossack,8893,84,23
UClPYLHZ9KbKGC89i9z9_NCA,Natalie Fulton,998744,9230,305
UCboOtSXcbsqqt6pv5zXNgNQ,Naijha Speaks,72231,1020,489
UCscSBGIkkmQTaKg3z3A2FgQ,Plebity,260933,3510,115
UCMdx_N-u9crtoN9vNdIvNxg,Gabrielle Reyes,20449938,168000,823
UCHaPfBvnhYoKYUR1Ts1Osnw,TheAnimalHolocaust,16576245,71500,112
UCq2qVJtq69yZh83jiUywvdQ,Conscious Muscle,125914,6440,72
UCVRrGAcUc7cblUzOhI1KfFg,Earthling Ed,60458765,456000,379
UC5_i5V3xXxdqF5VKVmJWVZQ,Muscle & Strength,309502883,1190000,1261
UCJnpF9oROFPvd7wWbPUDdGA,KRQE,543625147,359000,115374
UCuMtfD4RkuvxnW3FDzl1vbQ,Solutionary Species,1065,6,19
UCQ2toqAmlQpwR1HDF_KKfGg,Switch4Good,5847971,55800,1324
UCqmn-vEmYbZ4wqMHt2ndZdQ,BOSH!,23523668,240000,1591
UC554eY5jNUfDq3yDOJYirOQ,Destiny,671226568,843000,3358
UCE9ZKGuHAz4S9y89u-qSAPQ,Happy Healthy Vegan,34074021,204000,1937
UCMw6K-dJTWUJxX4NCPCgS9w,Thee Burger Dude,223216992,515000,424
UC4YrhQzDAYwPPNBfnzhLcHg,Big pharma hater15,1404,3830,2
UCcKFPLxaWvKMwbjd5GjhzKg,James Aspey,12483417,86400,280
UCfaLzWu44t7TrOMxf5n2dYw,Viva Longevity!,11635199,141000,108
UCZI7OM1E9WhVavPYHBN_vvQ,Philosophy Sam,29789,318,15
UChsHxWXeUBaSCjcsxnHli1g,Fly & Shy,54856,1890,714
UCFjJiCrDJvxt9X_9gsu623Q,Jem Lettuce,648867,1910,207
UCmSezuV0pSqVQfzM2eZP8GA,Conversations with Dr. Donna Lyons ,42521,528,28
UCPKxGawnfAi61ibAe2_a8sA,Animal Liberation Press Office,3640,87,21
UCJiVXBlgbWgqHLTUl1hxfmQ,AnimalLibOrchVEVO,501936,794,1
UCQr7MaL58U72HVuUIJFDUKQ,Brandon Bartlett,1336,2,5
UCgvSTjz78hnQjXC_KL-GE0g,The Humane League,1428438,5550,272
UCMbDsxEWdIzAoGdEC7mihAQ,Stephan Gelenscher,176307,453,24
UC1NIJo63rWA0kvHWiYY70Yg,UNCHAINEDTV,947612,7430,1778
UC569sMAIQbd6bOi9bUD4dWw,Vegan News,197030,1500,171
UCm5J1Fu_dHgBcMTpXu-NXUw,Pangburn,86611963,217000,2061
UCGa9KFF6xxu3w3grmYzx6Yw,Real Men Eat Plants,208163,526,346
UCnFJI1KB4q2PomhhBHurqOA,Earth Healing Network,17317,1170,302
UC-wBAxgUX9P0fXZ6-D0frRA,Isaac Butterfield,566432720,2200000,1944
UCj3UAVuBOlUnLhuIH6I-PPw,Animal Save India,48254758,88200,2792
UCMwUZZkpolWof4NRS7dIFhw,Entyce The Lyrical Vegan,202541,841,931
UCsT0YIqwnpJCM-mx7-gSA4Q,TEDx Talks,8472012287,43200000,239086
UCBAYVbvJMTwqEBXjXYjTgwg,Voice of Vegans,786669,12500,149
UCzmZ5a3tHEpODsFzxuLMHEQ,Christina van Beek,57640,628,83
UCNZgGEAMXy0mweOYLHZPINw,SaLADS,151430,1610,314
UCxUBdi8dX80KRhPcOp3puxw,Vegan FTA,51864863,269000,2708
UC_IPQ16nPwPtY6L7GkklRmQ,The Ethical Compass,16425,129,4115
UCa6Og8sxkmukgXJXtYHsj-Q,Vegan First,991159,12800,362
UCEMQjunK6y8fUHpvHt_CEvA,Retchet Reacher,72996,373,148
UCwJfDTNqtM5n-dQBfuuHzYw,Men's Health,549789324,1740000,2130
UCqhtslrh51j20GJWzeIaPpQ,TorontoPigSave,1546837,4190,217
UCqvPQst_TF6cI94mcZwNp-A,Goatis,26436897,94000,685
UCuaj1eVLt9O2aHRN-ULEXiQ,Arvind Animal Activist,66893450,245000,418
UCLEGwCKcJZcBcnUA5zxb7qA,Debug Your Brain,377618,5720,123
UCfYW5GXBXueSO5p9bxD45qg,BBC Global,161358167,657000,661
UC3Mz8-a7fjpfgFH9GVVIpbA,Vegan Deterioration,4182983,30100,775
UCjAHbqtUpg3Fnozc7-uKHJA,The Vreedom! Quest,12889,343,182
UCdkqNHrYXPijJrXTbDZWsRw,Colburn Clark ,89131,1300,91
UCfWHJs9O3_ijije-xGcdCBA,Studio Plantaardig,31559,298,113
UC2_Ljltl3iJ6UwYCo-emmFA,Simply Just Cee!,3004850,29200,160
UC0bCUnP5RrkJZUtd3bBz6Kw,WPTV News - FL Palm Beaches and Treasure Coast,358814210,384000,126786
UCWDTumETeCmAwVxpyh73Ycw,SupremeMasterTV05,338312,789,289
UCemKrnBU6PDqkhw8arNwF4Q,VeganProteins,551180,11400,488
UCMgJsSW-nWXsr8xibxDXedg,Animal Liberation ORG,357330,1520,75
UCMp6dYTbPOrKFHMH6rGcp2g,WDEF News 12,22054078,13200,18384
UC-q4j_ttUgWmir4-Cwh_Hrg,That Vegan Teacher,112200760,266000,3394
UCCUlHoeBLAz9gbPgBUpvRyw,Fundaci√≥ Gr√≠fols,160781,750,39
UCHlXspOKaWutfgmyFfoEbrQ,ITV Gold,8084274,27100,11715
UCDKJdFer1phQI95UinPZehw,Turkey Tom,364075594,1460000,251
UCEHjrp6MlVcb3tOAjCzfL1g,Los Fastidios - Topic,1165593,736,249
UCyg8o3ZgsBHKpdrbHXonWDg,Northwest VEG,2410700,19200,125
UCr_-k8z6_RKKxkjWkt8RFvA,TheSeriousfitness,288578695,1910000,311
UCrnnciiWG-V2FcblCfv_Hsg,Patrik Baboumian,2171372,39600,169
UCtbkymRCxreyNHb_ON2FCsQ,Rachael Ray Show,561829895,931000,9265
UCCgQaXjsJ6EdFPZeTFQoSyw,Brut India,3860424767,4510000,8086
UCu_rvBwaEZLZPQH1XsuyRhw,Born Vegan,136259,3450,66
UCm0SBImLucni3gEBNuekBeg,Vegan Definition,380310,4060,226
UCWBmwrzsg7LrYOJ3VLPCEmg,Veganism EXPOSED Official ,253617,586,442
UCLOPC6bOBuiSBAJ16JXLAHg,Last Night On Destiny,137946786,186000,1087
UCS4cPVBGZkhWUEoAR40DCAg,earthlingsthemovie,127791,2770,21
UC_mn5Mn952NC1WfwnOLWjew,Direct Action Everywhere - DxE,5285915,16800,1036
UCkF2Jxaj1LgL6rGYECnqyzg,Pelle W.,320626,2880,298
UCA0N4UVTnqiFB7D3oS_xdWg,Caleb Maupin,8112917,37500,4256
UCKpv0aXnKBkiU5uiEWAdpgg,Mercury News,104589260,120000,9739
UCHwGsYOPamoDQEVU8jVMLaQ,DogParkMedia,230418,818,8
UCGsGLdagsHwHa-IC8z7BEAA,Rina,36271,67,77
UClgVmK6jZTZKAIlEhK1KRVQ,sixteenleo,129302046,647000,407
UCp6nboefInuhrmvO6LAX-vA,The Flip Flop Report,96255,230,157
UCreBflW1x_t15rYxzk7ZWdw,chico roman,717,2,1
UCQwkEQ6EQc4jM2QnrvubBHg,DawahWise,297210145,356000,4447
UCCgOJgEb0YU-J9bT9KSgTfA,codoublegg,53869,18,1
UC-UXDdm9flAIsMg102LItWw,Animal Liberation TV,117910,1230,219
UCo19LOS4twIVQVU7idkiQhA,Meditate Like a Jedi with Lama Jigme Gyatso,826417,6840,5291
UCmOWFe-iF-WT8uc4GyCZq3w,Caavakushi,79243,97,351
UCM50WjJjvG4OSFyY0aO4WZw,VegfestUK,136972,1710,428
UCBhciyIVI2SzjXjIEPN4txg,David Ramms,20889992,48200,685
UCrM5AJn98SHypfKYaOKE9FA,Last Chance for Animals,17735742,46100,349
UCzBvAIHPZ_Y7chhoN5ebv_A,Best Of TRS | English,928799386,1160000,2057
UCLGjVaq0KbFy2Q5qVdc7Ukw,V for Veganism,53087,833,92
UCB_AXXiVoEIHbJrYQMsZK7g,Tabitha Brown,116611577,1110000,1665
UCfoEqIFtqfc6xBV185DQnBw,Fieldsports Channel,223858642,369000,4096
UCQXHTFnQYFTqN0MqmNh9EIA,BBC World Service,188640459,1440000,1961
UCG6usHVNuRbexyisxE27nDw,Joey Carbstrong,44407428,172000,1334
UCG_e3X-tFyaEMm1G8qyVnwg,Katherine Ivy,218302,1990,393
UCo9-XfRKRJdUgurlx7ouSUw,Catherine Klein,606177,7540,180
UCi919GSAtsLqFHjMnuWVm9Q,Alex Punx,2885119,6420,846
UCkUJdFlzJC-iuj4xya3aaVA,consumedmind,478808,431,70
UCrHkCyMI0gEMajpoeILCRhA,keltan,92931,1140,105
UC4bgv9eR44A8kh_X94LOtfw,Bonnelli Factory DGG,455763,1200,545
UCcHJvjbuK-gDkJsF6Qu5GEw,Vegan Gains Clips,18632,44,23
UCckpBac35uS4GAzQqsMBj5Q,Addis Miller,598369,10200,18
UCIZVclRuEgUn9LU6BhNtTYA,Archive of Animal Liberation Films on the ‚ÄòNet,208943,1080,64
UCXZTnzvoL4X3saPYsfLwxuA,Dr. Bobby Price,126591921,927000,856
UCIma2WOQs1Mz2AuOt6wRSUw,KenDBerryMD,440889243,3550000,1841
UC7kIy8fZavEni8Gzl8NLjOQ,Alex O'Connor,295644673,1550000,529
UCr2eKhGzPhN5RPVk5dd5o3g,Vegan Gains,37722751,309000,1551
UCuvHICbM9Y71pSzKSEHYvaA,No Injustice Lasts Forever,171899,1530,130
UCxuYl9ybbCHRCGRfpz9h_JA,Next Level Stuff,257897,162,29
UCVpyI2wNO2HdLoXZyPm4-cg,‡§∂‡§ø‡§ï‡•ç‡§∑‡§æ ‡§π‡§ø ‡§∏‡§Æ‡§æ‡§ß‡§æ‡§®,629598,1350,179
UCEMArgthHuEtX-04qL_8puQ,Goodful,258514560,1640000,972
UC4KWYlW-B2oqxc36TH_RcXw,SenyaiGrubs,1613019785,2570000,480
UCDHK7RywWc4z8J5K3MKkvRw,CHEF AJ,40785088,248000,3207
UCtvZ0idC1JG2MDBeIUlKKcQ,Vegan Outreach,225470,17300,71
UCar_1uhhDjfFPcug04474qA,Garland Farms,612013,4610,379
UCgvCFcR3uvPGsZTbnppLgeg,Inspired Risk Productions,385414,1190,341
UCRDhJv1k5FF1F09ax3O3Z_Q,TinkABoutDis,3188700,8190,438
UComIr_SYmKrR6PbX2AezIJg,Dave Feldman,2813848,57500,118
UCDdocnbyUNzVMJ_LcNWtXZw,Natalie Matthews,5978315,87100,317
UC0x3mjZDPfN_khbaxzckpow,UUSF Media,288099,1580,3390
UC0vn8ISa4LKMunLbzaXLnOQ,GBNews,2153422880,1880000,75841
UCbEn1kwHr0TPmC9VPWIA_Mw,BS w/ Jake Paul,84076911,2430000,323
UChnIqgsBjggTe22mmJ4eP0g,Asheville VeganFest,15744,133,20
UCoQOA6hUYsbmBJAOFj2zeuQ,TKC Short Videos Events,1528,4,16
UCOzMAa6IhV6uwYQATYG_2kg,Novara Media,327739587,979000,4528
UC9_78_45l3Z3zEZd_R6Hc4w,VegUGTv,3824,29,55
UCYJs2xK9w5jkAWFFO9udD8g,All-Creatures,29406,565,625
UCYk0M-19tODLJRNszxLPrzg,Plant Strength,127762,1420,155
UCkT8X9ED9i6s2iPHvV7PKHA,James Kite,35440,803,36
UCpjlh0e319ksmoOD7bQFSiw,Rich Roll,179232137,1460000,1756
UC_iUeUzozCHEReJ-shKcCYA,Internet Anarchist,276012830,1630000,179
UCs42oj2dtWkop4sGlLE8sRQ,Á¶Ö,328261,529,67
UCn8zNIfYAQNdrFRrr8oibKw,VICE,5395974968,19000000,4292
UCC2yPSuKZfMvWI4EMsz3cdQ,Exploravore ,1963090,16000,162
UC3reEy6plrxgkhmhyzsLixQ,Danny Ishay,9414076,26200,1353
UCJBry7T2R1WeipWMBWKJ7Rg,Unnatural Vegan,65571383,259000,994
UCF4LEacx9sDvAbEJnlaJfKQ,KPIX | CBS NEWS BAY AREA,583880198,446000,58751
UCt0cYZjanDigkRRlScvrxWg,VeganLinked,7251810,94400,537
UCTTlQEjQKByIegGc_CP2z1w,The Cranky Vegan,771698,10300,294
UCJRjK20fHylJyf-HiBtqI2w,PLANT BASED NEWS,77636539,631000,1388
UC1LR--k-bn8-G9T5zx18n-A,Just me! ,2299,41,13
UCYxaGj0gradnkJkwpKN1_SQ,VeganRevolution,1204654,11300,162
UCDbZvuDA_tZ6XP5wKKFuemQ,Rainbow Plant Life,126929187,1410000,214
UC2A6IJQ6AZaK_f_r24his6g,Dr Sermed Mezher,476623863,463000,3019
UCiNZoOmmlu2ayjoS6dV4aQQ,HustleTalk,70590278,50300,50
UCLcUiOsg0i3cGVIxzV0tHYg,JayV,2506,16,15
UCq18eeL7D9Vd8DhjMcLh9QQ,Good Morning Britain,1202985872,1330000,13524
UCxiEcr5jNRYE2oYPgSgA0vQ,Shannen Michaela ,5141665,25800,226
UCkkiTV-Lnt-m3DQp-ZeFdkA,Moby,733825769,950000,839
UCcWyigItLIBYeWf4Z58pGOw,Centar Key,917605,3080,236
UCcuxVQqmmmu1v0CWvN-S01g,p000,1201421,441,70
UCsvTPHlKS24QT8U_xTk3sCw,PureCarbs,1121647,273,51
UCxd5WFhE_tkvEmAT-UBRsbA,Beautiful Science,2372058,34600,35
UCatt7TBjfBkiJWx8khav_Gg,Piers Morgan Uncensored,1132030547,4000000,1833
UCyf9x18ein7qRD_cf6NjtrQ,Health Coach Joff,67467,489,225
UCJqC8Y95CBmUTSh32IngDRA,Gillian Berry,15312616,137000,559
UCU5eV0c0SE0TMXrV8P94jAQ,Learn with Jaspal,2270589581,4700000,362
UCeuFVPGjE8_KnlFheMzzTIA,Jacqueline Renee‚Äô,62561,891,72
UC2bvjSqmR8q3-UvCgtAunpQ,Dr. Laurie Marbas,2962281,34400,1702
UCcFTOhNUL9yUKh7kTh7vDNA,Vinu Arora Fitness,12105898,27300,215
UCBHm-O5p6cTIGx5g5bCNKow,TheCurlKing,5107687,26700,373
UCzCBYVbPt1FF6WKeA3huVyQ,Chris Hines,421242,3720,170
UCj3p_1jOCJXB_L_we-DjLbA,Physionic,30350039,290000,766
UCAObEk7LCX2Zusr9ihO0nEw,AnimalNews,95387,498,250
UCGJq0eQZoFSwgcqgxIE9MHw,Mic the Vegan,57636977,404000,650
UC2ycqdFV0EmY5LmfM9mWkQg,Brian Turner,74164071,377000,1529
UCpOZ2wjEaOJ5olQccRBUGsA,Warrior Mentality,306227,487,18
UC_KHy1iRFZW80QVZn26k9hA,Peter Rogers MD,4056375,11900,5641
UCuURAbPEgo_tTO9ejKOOddg,Cameron Geller,799691734,924000,3888
UCG4BBvMkRLfULtthzFRhygQ,Blooming Raw,4449711,99300,242
UCurFC25hDz2n6h8IaGsVOAQ,Plantiful Kiki,26357487,267000,314
UCKPjY6Z4apoNFASjtY9ijAQ,Conversations with Strangers ,11080457,12400,7908
UCWHMNEyuD444gXZ_S4IN2zQ,The Vegan Zombie,16030676,174000,1231
UCMdzgIkgwEf4IYUZdkWjxTw,AdamRichardGibson,5208,13,14
UCuAxbsRKluflj95CWZBEitg,Compassion Consortium,30501,518,221
UCRYeyi-ZHNCwHSY5LST3z9Q,Projector Jenna Ortega,5300151,2420,45
UC6rdfXhEoh2xoZ1B7_7EzXQ,Mel & Steve,2986943,7590,743
UC_WwtGaluTbvHy_7H0NrACQ,Chelsea Mae,13448222,133000,404
UCAxpNfXByvs8mQQZo03g9bQ,Vince Goodrum,1435277,4030,2086
UCGRhyTxk-NU5r_z2Hg9HzaQ,AnimalKIND,214869,671,85
UC2y4jGtfTb7DhTIZe7N_mdQ,Peter Young,15956,181,19
UC0QHWhjbe5fGJEPz3sVb6nw,Doctor Mike,4629181467,14100000,1048
UCfQgsKhHjSyRLOp9mnffqVg,Renaissance Periodization,1699261647,3710000,3237
UChI4f0_hdEJIYyNKFL4DLgQ,Animal Liberation Songs - Topic,3131,8,21
UCIEiE-hnAUXUZNNeMJsZBYA,Frank Tufano,31546990,102000,2300
UCIhnbTpeEAJJBWwNgBF4a6A,Canyons News,944357,1530,2994
UCF4cv0MfI5DNyNRLPp6EgcQ,Life Of Nani Nyne,296274,2190,315
UCTLdXATpxf8LP3riC0_mkKw,John R. Miles,7130258,66200,1022
UCyZ9pEYl4VeOBKVhehwXWUg,No Egg Craig,10253635,59000,744
UClMs26ViHFMy7MS897Alcxw,FOX 2 St. Louis,225880606,267000,72283
UCwTO6nmbNZlLTFl7mHwCN-w,RightSideOfHistory,13701,36,50
UC7ajaARFH8ASLoh5gffmEkg,Anonymous for the Voiceless,406997,7000,235
UCwBh3fO7QgHTqPI4VGWnbvw,Vegan Adventure,299768,211,103
UCGKTjnaeBMBi_bZEYQn5rqA,Emma Hurst,5896,219,1
UCW7OZkdR414aCPtnZKwehzg,Their Turn,12258276,27800,339
UCRR6JZ5Hsfy1bgQlMmU96gg,Vegan Of Love,125739,1400,292
UC9X0kRoftv-TUmLJw3b6fYg,Those Annoying Vegans,2103688,16900,380
UCLEiMVxBrF3SmHYI3Vq6vGg,Fitxfearless Clips,7433246,19400,500
UCYgDgrK__sVKYpmp_iEAt1A,The Funny Republican,817446277,1050000,330
UC2Qvv2ngiJeQBTt84S7AqiQ,Quelle des Mitgef√ºhls,3039,93,12
UCguXnDBpmP09nOVPdkhFZgw,Veggie Channel,16714607,144000,1766
UCvbo9B0UNqw_BVCDeJNwPig,Berkeley Organization for Animal Advocacy,53074,119,32
UCO54vzfpG-F-ueZvArhgdqA,Ishkah,2623333,3880,1059
UCLqH-U2TXzj1h7lyYQZLNQQ,Greg Doucette,1113927195,2330000,3895
UCM3G9d8fidvsPF7VKZoBZLg,Speak Up People!,827,17,1
UCq0lQw8q6N4N3qS1NkL6vKA,Farm Sanctuary,9959879,37300,512
UCrmYTVfA2NFY8O8Jl11_bXQ,Shane Burley,17165,67,28
UCyrXNIBuMX5aynvqnj0mWlQ,VFC,487040,2380,315
UCxI3N_iO3HUXEMLrGjv81eQ,3ooQ,74716928,56700,36
UCDYlJmWTpIqFDlbakrO_35A,Natural Hulkster,179609,1330,194
UC1i8NOT_koHgNGXXEV5Fw1Q,Rocco‚Äôs Videos,5815846,6670,8268
UCMSAUTMiDGtW23s6nTLVXOQ,ASH Loves Condiments,367713118,566000,868
UCxURPKLMwuWftWMIlMSyxVw,Tiff Loves Tofu,8953575,44100,217
UCkuZJIhMYCnOa0dnWeHuN2w,Acharya Prashant,208092914,2810000,7808
UC4B79NkP9kidWx6GxkYlTwQ,VEGAN CHURCH SERVICE ,149775,754,527
UChD3chubIKyNo0Z2TppQ-Fw,Clif Grant,381041,4300,218
UCbmUfoOfNW04K9U7moSDDcw,SweetPotatoSoul,35920418,733000,508
UC7IuqolsuLGej9EvcqKafEA,seishin,503299,1230,48
UCA6KD0ZPpOvrJgKKvECsQ7g,The Vegan View,3192406,42000,317
UCo1uLla-0wximfRNIzJpJRg,World of Vegan,17404510,117000,790
UCCmCPr8lAQX3tAtcMndAwhg,Good Living Now with Harold,61960240,420000,1300
UCnRVL1-HJnXWB_Xi2dAoTcg,Bryan Johnson,270231752,1680000,853
UCU7ld-n9isBguvxE1lXQHUA,Aidan Cornelius-Bell,17792,134,23
